glat|glng|gmap_color|gaddress|current_rent|current_assessment|assessment_to_rent_ratio|BaseValue_Year|lagov|screenshot
34.0876285|-117.7255624|#e0dbd8|458 Geneva Ave, Claremont, CA 91711, USA|2950.0|269809.0|91.46|2002|https://portal.assessor.lacounty.gov/parceldetail/8316005016|https://rycpt-crawls.s3.us-west-2.amazonaws.com/padmapper-data/2023-04-02/458_Geneva_Ave,_Claremont,_CA_91711,_USA.png
34.1199956|-118.1618812|#c5d6f2|526 Floral Park Terrace, S Pasadena, CA 91030, USA|5500.0|1069336.0|194.42|2007|https://portal.assessor.lacounty.gov/parceldetail/5317037006|https://rycpt-crawls.s3.us-west-2.amazonaws.com/padmapper-data/2023-04-02/526_Floral_Park_Terrace,_S_Pasadena,_CA_91030,_USA.png
34.2167539|-118.3502624|#e0dbd8|10045 W Chardonnay Ct, Sun Valley, CA 91352, USA|4800.0|531483.0|110.73|2002|https://portal.assessor.lacounty.gov/parceldetail/2403029006|https://rycpt-crawls.s3.us-west-2.amazonaws.com/padmapper-data/2023-04-02/10045_W_Chardonnay_Ct,_Sun_Valley,_CA_91352,_USA.png
34.1906618|-118.6416767|#adc9fd|6627 Birchton Ave, Canoga Park, CA 91307, USA|6350.0|583847.0|91.94|2010|https://portal.assessor.lacounty.gov/parceldetail/2036026028|https://rycpt-crawls.s3.us-west-2.amazonaws.com/padmapper-data/2023-04-02/6627_Birchton_Ave,_Canoga_Park,_CA_91307,_USA.png
34.2094205|-118.5110114|#e36b54|17328 Keswick St, Northridge, CA 91325, USA|4800.0|229484.0|47.81|1981|https://portal.assessor.lacounty.gov/parceldetail/2202009015|https://rycpt-crawls.s3.us-west-2.amazonaws.com/padmapper-data/2023-04-02/17328_Keswick_St,_Northridge,_CA_91325,_USA.png
33.9898067|-118.4648644|#8badfd|1523 Cabrillo Ave, Venice, CA 90291, USA|18000.0|2128371.0|118.24|2014|https://portal.assessor.lacounty.gov/parceldetail/4238005022|https://rycpt-crawls.s3.us-west-2.amazonaws.com/padmapper-data/2023-04-02/1523_Cabrillo_Ave,_Venice,_CA_90291,_USA.png
34.0955314|-118.3500259|#688aef|1337 N Fuller Ave, Los Angeles, CA 90046, USA|11950.0|1801296.0|150.74|2018|https://portal.assessor.lacounty.gov/parceldetail/5550019103|https://rycpt-crawls.s3.us-west-2.amazonaws.com/padmapper-data/2023-04-02/1337_N_Fuller_Ave,_Los_Angeles,_CA_90046,_USA.png
34.0631993|-118.460336|#4961d2|11368 Berwick St, Los Angeles, CA 90049, USA|10000.0|172058.0|17.21|2022|https://portal.assessor.lacounty.gov/parceldetail/4365015020|https://rycpt-crawls.s3.us-west-2.amazonaws.com/padmapper-data/2023-04-02/11368_Berwick_St,_Los_Angeles,_CA_90049,_USA.png
34.0363833|-118.4597203|#c5d6f2|1722 Amherst Ave, Los Angeles, CA 90025, USA|6495.0|1201899.0|185.05|2007|https://portal.assessor.lacounty.gov/parceldetail/4259011022|https://rycpt-crawls.s3.us-west-2.amazonaws.com/padmapper-data/2023-04-02/1722_Amherst_Ave,_Los_Angeles,_CA_90025,_USA.png
34.1590706|-118.5885267|#506bda|20901 Dumetz Rd, Woodland Hills, CA 91364, USA|6000.0|841500.0|140.25|2021|https://portal.assessor.lacounty.gov/parceldetail/2167014014|https://rycpt-crawls.s3.us-west-2.amazonaws.com/padmapper-data/2023-04-02/20901_Dumetz_Rd,_Woodland_Hills,_CA_91364,_USA.png
34.0737215|-118.437387|#4257c9|414 Hilgard Ave, Los Angeles, CA 90024, USA|9750.0|250158.0|25.66|2023|https://portal.assessor.lacounty.gov/parceldetail/4360023002|https://rycpt-crawls.s3.us-west-2.amazonaws.com/padmapper-data/2023-04-02/414_Hilgard_Ave,_Los_Angeles,_CA_90024,_USA.png
34.0635542|-118.4341538|#4257c9|10563 Lindbrook Dr, Los Angeles, CA 90024, USA|9750.0|276500.0|28.36|2023|https://portal.assessor.lacounty.gov/parceldetail/4360017022|https://rycpt-crawls.s3.us-west-2.amazonaws.com/padmapper-data/2023-04-02/10563_Lindbrook_Dr,_Los_Angeles,_CA_90024,_USA.png
34.0445047|-118.4225874|#93b5fe|2342 Parnell Ave, Los Angeles, CA 90064, USA|7900.0|1537524.0|194.62|2013|https://portal.assessor.lacounty.gov/parceldetail/4320013010|https://rycpt-crawls.s3.us-west-2.amazonaws.com/padmapper-data/2023-04-02/2342_Parnell_Ave,_Los_Angeles,_CA_90064,_USA.png
34.0543135|-118.419993|#4257c9|10342 Mississippi Ave, Los Angeles, CA 90025, USA|8900.0|1896241.0|213.06|2023|https://portal.assessor.lacounty.gov/parceldetail/4319012025|https://rycpt-crawls.s3.us-west-2.amazonaws.com/padmapper-data/2023-04-02/10342_Mississippi_Ave,_Los_Angeles,_CA_90025,_USA.png
34.0364939|-118.3909098|#4961d2|9107 Hargis St, Los Angeles, CA 90034, USA|7500.0|1134360.0|151.25|2022|https://portal.assessor.lacounty.gov/parceldetail/4301004036|https://rycpt-crawls.s3.us-west-2.amazonaws.com/padmapper-data/2023-04-02/9107_Hargis_St,_Los_Angeles,_CA_90034,_USA.png
34.035061|-118.4235063|#efcebd|2713 Glendon Ave, Los Angeles, CA 90064, USA|7500.0|492293.0|65.64|1998|https://portal.assessor.lacounty.gov/parceldetail/4255015025|https://rycpt-crawls.s3.us-west-2.amazonaws.com/padmapper-data/2023-04-02/2713_Glendon_Ave,_Los_Angeles,_CA_90064,_USA.png
34.0128084|-118.4417524|#bd1f2d|12424 Brooklake St, Los Angeles, CA 90066, USA|7500.0|92582.0|12.34|1975|https://portal.assessor.lacounty.gov/parceldetail/4247025002|https://rycpt-crawls.s3.us-west-2.amazonaws.com/padmapper-data/2023-04-02/12424_Brooklake_St,_Los_Angeles,_CA_90066,_USA.png
33.9847503|-118.4158347|#d55042|12456 Sanford St, Los Angeles, CA 90066, USA|7150.0|230067.0|32.18|1978|https://portal.assessor.lacounty.gov/parceldetail/4221011034|https://rycpt-crawls.s3.us-west-2.amazonaws.com/padmapper-data/2023-04-02/12456_Sanford_St,_Los_Angeles,_CA_90066,_USA.png
33.9828615|-118.4132679|#bd1f2d|12444 Aneta St, Los Angeles, CA 90066, USA|6800.0|111428.0|16.39|1975|https://portal.assessor.lacounty.gov/parceldetail/4211002018|https://rycpt-crawls.s3.us-west-2.amazonaws.com/padmapper-data/2023-04-02/12444_Aneta_St,_Los_Angeles,_CA_90066,_USA.png
34.0297194|-118.4524315|#bd1f2d|2313 Amherst Ave, Los Angeles, CA 90064, USA|6500.0|221656.0|34.1|1975|https://portal.assessor.lacounty.gov/parceldetail/4259029019|https://rycpt-crawls.s3.us-west-2.amazonaws.com/padmapper-data/2023-04-02/2313_Amherst_Ave,_Los_Angeles,_CA_90064,_USA.png
34.0310874|-118.4217223|#506bda|2935 Westwood Blvd, Los Angeles, CA 90064, USA|6485.0|1275000.0|196.61|2021|https://portal.assessor.lacounty.gov/parceldetail/4254003004|https://rycpt-crawls.s3.us-west-2.amazonaws.com/padmapper-data/2023-04-02/2935_Westwood_Blvd,_Los_Angeles,_CA_90064,_USA.png
34.0348285|-118.4198112|#7093f3|2825 Overland Ave, Los Angeles, CA 90064, USA|6250.0|1203007.0|192.48|2017|https://portal.assessor.lacounty.gov/parceldetail/4255011005|https://rycpt-crawls.s3.us-west-2.amazonaws.com/padmapper-data/2023-04-02/2825_Overland_Ave,_Los_Angeles,_CA_90064,_USA.png
34.0304381|-118.4279249|#bd1f2d|2816 Tilden Ave, Los Angeles, CA 90064, USA|5600.0|119381.0|21.32|1975|https://portal.assessor.lacounty.gov/parceldetail/4251005007|https://rycpt-crawls.s3.us-west-2.amazonaws.com/padmapper-data/2023-04-02/2816_Tilden_Ave,_Los_Angeles,_CA_90064,_USA.png
34.1300089|-118.3510116|#506bda|3322 Oak Glen Dr, Los Angeles, CA 90068, USA|8995.0|981947.0|109.17|2021|https://portal.assessor.lacounty.gov/parceldetail/2425026020|https://rycpt-crawls.s3.us-west-2.amazonaws.com/padmapper-data/2023-04-02/3322_Oak_Glen_Dr,_Los_Angeles,_CA_90068,_USA.png
34.1875401|-118.610462|#506bda|22201 Gilmore St, Woodland Hills, CA 91303, USA|4200.0|780300.0|185.79|2021|https://portal.assessor.lacounty.gov/parceldetail/2139021003|https://rycpt-crawls.s3.us-west-2.amazonaws.com/padmapper-data/2023-04-02/22201_Gilmore_St,_Woodland_Hills,_CA_91303,_USA.png
34.1061806|-118.2822818|#6180e9|4241 Newdale Dr, Los Angeles, CA 90027, USA|13000.0|1964650.0|151.13|2019|https://portal.assessor.lacounty.gov/parceldetail/5591013040|https://rycpt-crawls.s3.us-west-2.amazonaws.com/padmapper-data/2023-04-02/4241_Newdale_Dr,_Los_Angeles,_CA_90027,_USA.png
34.1285763|-118.4477175|#93b5fe|3026 Nicada Dr, Los Angeles, CA 90077, USA|7995.0|1857824.0|232.37|2013|https://portal.assessor.lacounty.gov/parceldetail/4379035067|https://rycpt-crawls.s3.us-west-2.amazonaws.com/padmapper-data/2023-04-02/3026_Nicada_Dr,_Los_Angeles,_CA_90077,_USA.png
34.2561295|-118.4884779|#506bda|10219 Sophia Ave, North Hills, CA 91343, USA|3000.0|693600.0|231.2|2021|https://portal.assessor.lacounty.gov/parceldetail/2678005030|https://rycpt-crawls.s3.us-west-2.amazonaws.com/padmapper-data/2023-04-02/10219_Sophia_Ave,_North_Hills,_CA_91343,_USA.png
33.9194659|-118.4215339|#506bda|316 Loma Vista St, El Segundo, CA 90245, USA|7500.0|1492260.0|198.97|2021|https://portal.assessor.lacounty.gov/parceldetail/4136020011|https://rycpt-crawls.s3.us-west-2.amazonaws.com/padmapper-data/2023-04-02/316_Loma_Vista_St,_El_Segundo,_CA_90245,_USA.png
33.8294313|-118.3695927|#bd1f2d|21917 Palos Verdes Blvd, Torrance, CA 90503, USA|3700.0|125626.0|33.95|1975|https://portal.assessor.lacounty.gov/parceldetail/7516015017|https://rycpt-crawls.s3.us-west-2.amazonaws.com/padmapper-data/2023-04-02/21917_Palos_Verdes_Blvd,_Torrance,_CA_90503,_USA.png
34.1938905|-118.3045042|#e0dbd8|613 N Bel Aire Dr, Burbank, CA 91501, USA|4000.0|735474.0|183.87|2002|https://portal.assessor.lacounty.gov/parceldetail/5620017022|https://rycpt-crawls.s3.us-west-2.amazonaws.com/padmapper-data/2023-04-02/613_N_Bel_Aire_Dr,_Burbank,_CA_91501,_USA.png
34.1451804|-117.8930215|#93b5fe|775 Lilac Way, Azusa, CA 91702, USA|3900.0|619760.0|158.91|2013|https://portal.assessor.lacounty.gov/parceldetail/8625036005|https://rycpt-crawls.s3.us-west-2.amazonaws.com/padmapper-data/2023-04-02/775_Lilac_Way,_Azusa,_CA_91702,_USA.png
33.7570985|-118.1202415|#5875e1|5812 Appian Way, Long Beach, CA 90803, USA|8995.0|1751962.0|194.77|2020|https://portal.assessor.lacounty.gov/parceldetail/7243003004|https://rycpt-crawls.s3.us-west-2.amazonaws.com/padmapper-data/2023-04-02/5812_Appian_Way,_Long_Beach,_CA_90803,_USA.png
33.7640932|-118.1646036|#4961d2|2303 E Ocean Blvd, Long Beach, CA 90803, USA|9995.0|706035.0|70.64|2022|https://portal.assessor.lacounty.gov/parceldetail/7264022022|https://rycpt-crawls.s3.us-west-2.amazonaws.com/padmapper-data/2023-04-02/2303_E_Ocean_Blvd,_Long_Beach,_CA_90803,_USA.png
34.024138|-118.3854322|#799cf8|3621 Wesley St, Culver City, CA 90232, USA|6250.0|1093203.0|174.91|2016|https://portal.assessor.lacounty.gov/parceldetail/4206008030|https://rycpt-crawls.s3.us-west-2.amazonaws.com/padmapper-data/2023-04-02/3621_Wesley_St,_Culver_City,_CA_90232,_USA.png
34.1451804|-117.8930215|#93b5fe|775 Lilac Way, Azusa, CA 91702, USA|3900.0|619760.0|158.91|2013|https://portal.assessor.lacounty.gov/parceldetail/8625036005|https://rycpt-crawls.s3.us-west-2.amazonaws.com/padmapper-data/2023-04-03/775_Lilac_Way,_Azusa,_CA_91702,_USA.png
34.0876285|-117.7255624|#e0dbd8|458 Geneva Ave, Claremont, CA 91711, USA|2950.0|269809.0|91.46|2002|https://portal.assessor.lacounty.gov/parceldetail/8316005016|https://rycpt-crawls.s3.us-west-2.amazonaws.com/padmapper-data/2023-04-03/458_Geneva_Ave,_Claremont,_CA_91711,_USA.png
34.1199956|-118.1618812|#c5d6f2|526 Floral Park Terrace, S Pasadena, CA 91030, USA|5500.0|1069336.0|194.42|2007|https://portal.assessor.lacounty.gov/parceldetail/5317037006|https://rycpt-crawls.s3.us-west-2.amazonaws.com/padmapper-data/2023-04-03/526_Floral_Park_Terrace,_S_Pasadena,_CA_91030,_USA.png
34.2628166|-118.3464309|#efcebd|9873 McBroom St, Sunland, CA 91040, USA|3000.0|421287.0|140.43|1998|https://portal.assessor.lacounty.gov/parceldetail/2549009002|https://rycpt-crawls.s3.us-west-2.amazonaws.com/padmapper-data/2023-04-03/9873_McBroom_St,_Sunland,_CA_91040,_USA.png
34.2167539|-118.3502624|#e0dbd8|10045 W Chardonnay Ct, Sun Valley, CA 91352, USA|4800.0|531483.0|110.73|2002|https://portal.assessor.lacounty.gov/parceldetail/2403029006|https://rycpt-crawls.s3.us-west-2.amazonaws.com/padmapper-data/2023-04-03/10045_W_Chardonnay_Ct,_Sun_Valley,_CA_91352,_USA.png
34.1906618|-118.6416767|#adc9fd|6627 Birchton Ave, Canoga Park, CA 91307, USA|6350.0|583847.0|91.94|2010|https://portal.assessor.lacounty.gov/parceldetail/2036026028|https://rycpt-crawls.s3.us-west-2.amazonaws.com/padmapper-data/2023-04-03/6627_Birchton_Ave,_Canoga_Park,_CA_91307,_USA.png
34.2094205|-118.5110114|#e36b54|17328 Keswick St, Northridge, CA 91325, USA|4800.0|229484.0|47.81|1981|https://portal.assessor.lacounty.gov/parceldetail/2202009015|https://rycpt-crawls.s3.us-west-2.amazonaws.com/padmapper-data/2023-04-03/17328_Keswick_St,_Northridge,_CA_91325,_USA.png
33.9898067|-118.4648644|#8badfd|1523 Cabrillo Ave, Venice, CA 90291, USA|18000.0|2128371.0|118.24|2014|https://portal.assessor.lacounty.gov/parceldetail/4238005022|https://rycpt-crawls.s3.us-west-2.amazonaws.com/padmapper-data/2023-04-03/1523_Cabrillo_Ave,_Venice,_CA_90291,_USA.png
34.0955314|-118.3500259|#688aef|1337 N Fuller Ave, Los Angeles, CA 90046, USA|11950.0|1801296.0|150.74|2018|https://portal.assessor.lacounty.gov/parceldetail/5550019103|https://rycpt-crawls.s3.us-west-2.amazonaws.com/padmapper-data/2023-04-03/1337_N_Fuller_Ave,_Los_Angeles,_CA_90046,_USA.png
34.0631993|-118.460336|#4961d2|11368 Berwick St, Los Angeles, CA 90049, USA|10000.0|172058.0|17.21|2022|https://portal.assessor.lacounty.gov/parceldetail/4365015020|https://rycpt-crawls.s3.us-west-2.amazonaws.com/padmapper-data/2023-04-03/11368_Berwick_St,_Los_Angeles,_CA_90049,_USA.png
34.0363833|-118.4597203|#c5d6f2|1722 Amherst Ave, Los Angeles, CA 90025, USA|6495.0|1201899.0|185.05|2007|https://portal.assessor.lacounty.gov/parceldetail/4259011022|https://rycpt-crawls.s3.us-west-2.amazonaws.com/padmapper-data/2023-04-03/1722_Amherst_Ave,_Los_Angeles,_CA_90025,_USA.png
34.1590706|-118.5885267|#506bda|20901 Dumetz Rd, Woodland Hills, CA 91364, USA|6000.0|841500.0|140.25|2021|https://portal.assessor.lacounty.gov/parceldetail/2167014014|https://rycpt-crawls.s3.us-west-2.amazonaws.com/padmapper-data/2023-04-03/20901_Dumetz_Rd,_Woodland_Hills,_CA_91364,_USA.png
34.0737215|-118.437387|#4257c9|414 Hilgard Ave, Los Angeles, CA 90024, USA|9750.0|250158.0|25.66|2023|https://portal.assessor.lacounty.gov/parceldetail/4360023002|https://rycpt-crawls.s3.us-west-2.amazonaws.com/padmapper-data/2023-04-03/414_Hilgard_Ave,_Los_Angeles,_CA_90024,_USA.png
34.0635542|-118.4341538|#4257c9|10563 Lindbrook Dr, Los Angeles, CA 90024, USA|9750.0|276500.0|28.36|2023|https://portal.assessor.lacounty.gov/parceldetail/4360017022|https://rycpt-crawls.s3.us-west-2.amazonaws.com/padmapper-data/2023-04-03/10563_Lindbrook_Dr,_Los_Angeles,_CA_90024,_USA.png
34.0445047|-118.4225874|#93b5fe|2342 Parnell Ave, Los Angeles, CA 90064, USA|7900.0|1537524.0|194.62|2013|https://portal.assessor.lacounty.gov/parceldetail/4320013010|https://rycpt-crawls.s3.us-west-2.amazonaws.com/padmapper-data/2023-04-03/2342_Parnell_Ave,_Los_Angeles,_CA_90064,_USA.png
34.0543135|-118.419993|#4257c9|10342 Mississippi Ave, Los Angeles, CA 90025, USA|8900.0|1896241.0|213.06|2023|https://portal.assessor.lacounty.gov/parceldetail/4319012025|https://rycpt-crawls.s3.us-west-2.amazonaws.com/padmapper-data/2023-04-03/10342_Mississippi_Ave,_Los_Angeles,_CA_90025,_USA.png
34.0364939|-118.3909098|#4961d2|9107 Hargis St, Los Angeles, CA 90034, USA|7500.0|1134360.0|151.25|2022|https://portal.assessor.lacounty.gov/parceldetail/4301004036|https://rycpt-crawls.s3.us-west-2.amazonaws.com/padmapper-data/2023-04-03/9107_Hargis_St,_Los_Angeles,_CA_90034,_USA.png
34.035061|-118.4235063|#efcebd|2713 Glendon Ave, Los Angeles, CA 90064, USA|7500.0|492293.0|65.64|1998|https://portal.assessor.lacounty.gov/parceldetail/4255015025|https://rycpt-crawls.s3.us-west-2.amazonaws.com/padmapper-data/2023-04-03/2713_Glendon_Ave,_Los_Angeles,_CA_90064,_USA.png
34.0128084|-118.4417524|#bd1f2d|12424 Brooklake St, Los Angeles, CA 90066, USA|7500.0|92582.0|12.34|1975|https://portal.assessor.lacounty.gov/parceldetail/4247025002|https://rycpt-crawls.s3.us-west-2.amazonaws.com/padmapper-data/2023-04-03/12424_Brooklake_St,_Los_Angeles,_CA_90066,_USA.png
33.9847503|-118.4158347|#d55042|12456 Sanford St, Los Angeles, CA 90066, USA|7150.0|230067.0|32.18|1978|https://portal.assessor.lacounty.gov/parceldetail/4221011034|https://rycpt-crawls.s3.us-west-2.amazonaws.com/padmapper-data/2023-04-03/12456_Sanford_St,_Los_Angeles,_CA_90066,_USA.png
33.9828615|-118.4132679|#bd1f2d|12444 Aneta St, Los Angeles, CA 90066, USA|6800.0|111428.0|16.39|1975|https://portal.assessor.lacounty.gov/parceldetail/4211002018|https://rycpt-crawls.s3.us-west-2.amazonaws.com/padmapper-data/2023-04-03/12444_Aneta_St,_Los_Angeles,_CA_90066,_USA.png
34.0297194|-118.4524315|#bd1f2d|2313 Amherst Ave, Los Angeles, CA 90064, USA|6500.0|221656.0|34.1|1975|https://portal.assessor.lacounty.gov/parceldetail/4259029019|https://rycpt-crawls.s3.us-west-2.amazonaws.com/padmapper-data/2023-04-03/2313_Amherst_Ave,_Los_Angeles,_CA_90064,_USA.png
34.0310874|-118.4217223|#506bda|2935 Westwood Blvd, Los Angeles, CA 90064, USA|6485.0|1275000.0|196.61|2021|https://portal.assessor.lacounty.gov/parceldetail/4254003004|https://rycpt-crawls.s3.us-west-2.amazonaws.com/padmapper-data/2023-04-03/2935_Westwood_Blvd,_Los_Angeles,_CA_90064,_USA.png
34.0348285|-118.4198112|#7093f3|2825 Overland Ave, Los Angeles, CA 90064, USA|6250.0|1203007.0|192.48|2017|https://portal.assessor.lacounty.gov/parceldetail/4255011005|https://rycpt-crawls.s3.us-west-2.amazonaws.com/padmapper-data/2023-04-03/2825_Overland_Ave,_Los_Angeles,_CA_90064,_USA.png
34.0304381|-118.4279249|#bd1f2d|2816 Tilden Ave, Los Angeles, CA 90064, USA|5600.0|119381.0|21.32|1975|https://portal.assessor.lacounty.gov/parceldetail/4251005007|https://rycpt-crawls.s3.us-west-2.amazonaws.com/padmapper-data/2023-04-03/2816_Tilden_Ave,_Los_Angeles,_CA_90064,_USA.png
34.1300089|-118.3510116|#506bda|3322 Oak Glen Dr, Los Angeles, CA 90068, USA|8995.0|981947.0|109.17|2021|https://portal.assessor.lacounty.gov/parceldetail/2425026020|https://rycpt-crawls.s3.us-west-2.amazonaws.com/padmapper-data/2023-04-03/3322_Oak_Glen_Dr,_Los_Angeles,_CA_90068,_USA.png
34.1875401|-118.610462|#506bda|22201 Gilmore St, Woodland Hills, CA 91303, USA|4200.0|780300.0|185.79|2021|https://portal.assessor.lacounty.gov/parceldetail/2139021003|https://rycpt-crawls.s3.us-west-2.amazonaws.com/padmapper-data/2023-04-03/22201_Gilmore_St,_Woodland_Hills,_CA_91303,_USA.png
34.1061806|-118.2822818|#6180e9|4241 Newdale Dr, Los Angeles, CA 90027, USA|13000.0|1964650.0|151.13|2019|https://portal.assessor.lacounty.gov/parceldetail/5591013040|https://rycpt-crawls.s3.us-west-2.amazonaws.com/padmapper-data/2023-04-03/4241_Newdale_Dr,_Los_Angeles,_CA_90027,_USA.png
34.024138|-118.3854322|#799cf8|3621 Wesley St, Culver City, CA 90232, USA|6250.0|1093203.0|174.91|2016|https://portal.assessor.lacounty.gov/parceldetail/4206008030|https://rycpt-crawls.s3.us-west-2.amazonaws.com/padmapper-data/2023-04-03/3621_Wesley_St,_Culver_City,_CA_90232,_USA.png
33.7570985|-118.1202415|#5875e1|5812 Appian Way, Long Beach, CA 90803, USA|8995.0|1751962.0|194.77|2020|https://portal.assessor.lacounty.gov/parceldetail/7243003004|https://rycpt-crawls.s3.us-west-2.amazonaws.com/padmapper-data/2023-04-03/5812_Appian_Way,_Long_Beach,_CA_90803,_USA.png
33.7640932|-118.1646036|#4961d2|2303 E Ocean Blvd, Long Beach, CA 90803, USA|9995.0|706035.0|70.64|2022|https://portal.assessor.lacounty.gov/parceldetail/7264022022|https://rycpt-crawls.s3.us-west-2.amazonaws.com/padmapper-data/2023-04-03/2303_E_Ocean_Blvd,_Long_Beach,_CA_90803,_USA.png
34.1938905|-118.3045042|#e0dbd8|613 N Bel Aire Dr, Burbank, CA 91501, USA|4000.0|735474.0|183.87|2002|https://portal.assessor.lacounty.gov/parceldetail/5620017022|https://rycpt-crawls.s3.us-west-2.amazonaws.com/padmapper-data/2023-04-03/613_N_Bel_Aire_Dr,_Burbank,_CA_91501,_USA.png
33.8294313|-118.3695927|#bd1f2d|21917 Palos Verdes Blvd, Torrance, CA 90503, USA|3700.0|125626.0|33.95|1975|https://portal.assessor.lacounty.gov/parceldetail/7516015017|https://rycpt-crawls.s3.us-west-2.amazonaws.com/padmapper-data/2023-04-03/21917_Palos_Verdes_Blvd,_Torrance,_CA_90503,_USA.png
33.9194659|-118.4215339|#506bda|316 Loma Vista St, El Segundo, CA 90245, USA|7500.0|1492260.0|198.97|2021|https://portal.assessor.lacounty.gov/parceldetail/4136020011|https://rycpt-crawls.s3.us-west-2.amazonaws.com/padmapper-data/2023-04-03/316_Loma_Vista_St,_El_Segundo,_CA_90245,_USA.png
34.024138|-118.3854322|#799cf8|3621 Wesley St, Culver City, CA 90232, USA|6250.0|1093203.0|174.91|2016|https://portal.assessor.lacounty.gov/parceldetail/4206008030|https://rycpt-crawls.s3.us-west-2.amazonaws.com/padmapper-data/2023-04-04/3621_Wesley_St,_Culver_City,_CA_90232,_USA.png
34.0646136|-117.7436136|#d3dbe7|660 N Eleanor St, Pomona, CA 91767, USA|1500.0|384503.0|256.34|2004|https://portal.assessor.lacounty.gov/parceldetail/8337011013|https://rycpt-crawls.s3.us-west-2.amazonaws.com/padmapper-data/2023-04-04/660_N_Eleanor_St,_Pomona,_CA_91767,_USA.png
34.1155163|-118.0319884|#799cf8|22 W Las Flores Ave, Arcadia, CA 91007, USA|2300.0|890180.0|387.03|2016|https://portal.assessor.lacounty.gov/parceldetail/5788003054|https://rycpt-crawls.s3.us-west-2.amazonaws.com/padmapper-data/2023-04-04/22_W_Las_Flores_Ave,_Arcadia,_CA_91007,_USA.png
33.8008052|-118.3538479|#a5c3fe|3838 Newton St, Torrance, CA 90505, USA|4800.0|627777.0|130.79|2011|https://portal.assessor.lacounty.gov/parceldetail/7534027013|https://rycpt-crawls.s3.us-west-2.amazonaws.com/padmapper-data/2023-04-04/3838_Newton_St,_Torrance,_CA_90505,_USA.png
33.9194659|-118.4215339|#506bda|316 Loma Vista St, El Segundo, CA 90245, USA|7500.0|1492260.0|198.97|2021|https://portal.assessor.lacounty.gov/parceldetail/4136020011|https://rycpt-crawls.s3.us-west-2.amazonaws.com/padmapper-data/2023-04-04/316_Loma_Vista_St,_El_Segundo,_CA_90245,_USA.png
34.4359931|-118.5282239|#5875e1|22219 Barbacoa Dr, Santa Clarita, CA 91350, USA|4195.0|608033.0|144.94|2020|https://portal.assessor.lacounty.gov/parceldetail/2808008020|https://rycpt-crawls.s3.us-west-2.amazonaws.com/padmapper-data/2023-04-05/22219_Barbacoa_Dr,_Santa_Clarita,_CA_91350,_USA.png
34.383651|-118.544163|#bcd2f7|23401 Vía Boscana, Santa Clarita, CA 91355, USA|3995.0|569356.0|142.52|2008|https://portal.assessor.lacounty.gov/parceldetail/2856014013|https://rycpt-crawls.s3.us-west-2.amazonaws.com/padmapper-data/2023-04-05/23401_Vía_Boscana,_Santa_Clarita,_CA_91355,_USA.png
33.785809|-118.1777949|#dd5f4b|1472 Cerritos Ave #2, Long Beach, CA 90813, USA|1600.0|60969.0|38.11|1979|https://portal.assessor.lacounty.gov/parceldetail/7268020040|https://rycpt-crawls.s3.us-west-2.amazonaws.com/padmapper-data/2023-04-06/1472_Cerritos_Ave_#2,_Long_Beach,_CA_90813,_USA.png
33.7899739|-118.1164512|#d55042|1849 Fanwood Ave, Long Beach, CA 90815, USA|3350.0|120769.0|36.05|1978|https://portal.assessor.lacounty.gov/parceldetail/7225015020|https://rycpt-crawls.s3.us-west-2.amazonaws.com/padmapper-data/2023-04-06/1849_Fanwood_Ave,_Long_Beach,_CA_90815,_USA.png
33.876073|-118.1841017|#cd423b|6675 Lime Ave, Long Beach, CA 90805, USA|2695.0|66554.0|24.7|1977|https://portal.assessor.lacounty.gov/parceldetail/7115003031|https://rycpt-crawls.s3.us-west-2.amazonaws.com/padmapper-data/2023-04-06/6675_Lime_Ave,_Long_Beach,_CA_90805,_USA.png
33.8142889|-118.3701862|#799cf8|5240 Doris Way, Torrance, CA 90505, USA|6200.0|992808.0|160.13|2016|https://portal.assessor.lacounty.gov/parceldetail/7530006004|https://rycpt-crawls.s3.us-west-2.amazonaws.com/padmapper-data/2023-04-07/5240_Doris_Way,_Torrance,_CA_90505,_USA.png
33.8445019|-118.1615713|#bd1f2d|4760 Pixie Ave, Lakewood, CA 90712, USA|2995.0|72704.0|24.28|1975|https://portal.assessor.lacounty.gov/parceldetail/7152010027|https://rycpt-crawls.s3.us-west-2.amazonaws.com/padmapper-data/2023-04-07/4760_Pixie_Ave,_Lakewood,_CA_90712,_USA.png
33.7883538|-118.3659847|#4961d2|5005 Willow Wood Rd, Rolling Hills Estates, CA 90274, USA|7000.0|1330000.0|190.0|2022|https://portal.assessor.lacounty.gov/parceldetail/7576009010|https://rycpt-crawls.s3.us-west-2.amazonaws.com/padmapper-data/2023-04-07/5005_Willow_Wood_Rd,_Rolling_Hills_Estates,_CA_90274,_USA.png
34.6682181|-118.166506|#4961d2|2026 Krystal Ave, Lancaster, CA 93536, USA|3850.0|248318.0|64.5|2022|https://portal.assessor.lacounty.gov/parceldetail/3112058037|https://rycpt-crawls.s3.us-west-2.amazonaws.com/padmapper-data/2023-04-07/2026_Krystal_Ave,_Lancaster,_CA_93536,_USA.png
34.0382002|-118.6410311|#efcebd|21419 E Pacific Coast Hwy, Malibu, CA 90265, USA|11750.0|678586.0|57.75|1998|https://portal.assessor.lacounty.gov/parceldetail/4451023026|https://rycpt-crawls.s3.us-west-2.amazonaws.com/padmapper-data/2023-04-07/21419_E_Pacific_Coast_Hwy,_Malibu,_CA_90265,_USA.png
34.4631141|-118.5229212|#d9dce1|28456 Hidden Hills Dr, Santa Clarita, CA 91390, USA|4500.0|633932.0|140.87|2003|https://portal.assessor.lacounty.gov/parceldetail/3244153011|https://rycpt-crawls.s3.us-west-2.amazonaws.com/padmapper-data/2023-04-07/28456_Hidden_Hills_Dr,_Santa_Clarita,_CA_91390,_USA.png
34.1275348|-118.6513867|#8badfd|23931 Aspen Way, Calabasas, CA 91302, USA|11800.0|2425825.0|205.58|2014|https://portal.assessor.lacounty.gov/parceldetail/4455051025|https://rycpt-crawls.s3.us-west-2.amazonaws.com/padmapper-data/2023-04-08/23931_Aspen_Way,_Calabasas,_CA_91302,_USA.png
34.1634131|-118.6938992|#506bda|26005 Edenpark Dr, Calabasas, CA 91302, USA|5800.0|753243.0|129.87|2021|https://portal.assessor.lacounty.gov/parceldetail/2052034022|https://rycpt-crawls.s3.us-west-2.amazonaws.com/padmapper-data/2023-04-08/26005_Edenpark_Dr,_Calabasas,_CA_91302,_USA.png
34.0427625|-118.4949665|#b5cdfa|327 21st St, Santa Monica, CA 90402, USA|35000.0|3633513.0|103.81|2009|https://portal.assessor.lacounty.gov/parceldetail/4278027017|https://rycpt-crawls.s3.us-west-2.amazonaws.com/padmapper-data/2023-04-09/327_21st_St,_Santa_Monica,_CA_90402,_USA.png
33.8960852|-118.1121993|#c53334|10425 Nichols St, Bellflower, CA 90706, USA|2900.0|79216.0|27.32|1976|https://portal.assessor.lacounty.gov/parceldetail/6275011020|https://rycpt-crawls.s3.us-west-2.amazonaws.com/padmapper-data/2023-04-09/10425_Nichols_St,_Bellflower,_CA_90706,_USA.png
34.1657123|-118.1094103|#82a6fb|1144 Tierra Alta Dr, Pasadena, CA 91104, USA|4800.0|980765.0|204.33|2015|https://portal.assessor.lacounty.gov/parceldetail/5743019015|https://rycpt-crawls.s3.us-west-2.amazonaws.com/padmapper-data/2023-04-09/1144_Tierra_Alta_Dr,_Pasadena,_CA_91104,_USA.png
33.8924117|-118.4067205|#cd423b|689 19th St, Manhattan Beach, CA 90266, USA|11500.0|279572.0|24.31|1977|https://portal.assessor.lacounty.gov/parceldetail/4171003015|https://rycpt-crawls.s3.us-west-2.amazonaws.com/padmapper-data/2023-04-09/689_19th_St,_Manhattan_Beach,_CA_90266,_USA.png
34.5865046|-118.0871693|#5875e1|38733 Puerta Ave, Palmdale, CA 93550, USA|2450.0|267945.0|109.37|2020|https://portal.assessor.lacounty.gov/parceldetail/3018016016|https://rycpt-crawls.s3.us-west-2.amazonaws.com/padmapper-data/2023-04-09/38733_Puerta_Ave,_Palmdale,_CA_93550,_USA.png
34.06815|-118.3944858|#f5c1a9|112 N Elm Dr, Beverly Hills, CA 90210, USA|18900.0|1375464.0|72.78|1995|https://portal.assessor.lacounty.gov/parceldetail/4342030005|https://rycpt-crawls.s3.us-west-2.amazonaws.com/padmapper-data/2023-04-09/112_N_Elm_Dr,_Beverly_Hills,_CA_90210,_USA.png
34.0646936|-118.3900153|#6180e9|207 S Doheny Dr #205, Beverly Hills, CA 90211, USA|3100.0|2628995.0|848.06|2019|https://portal.assessor.lacounty.gov/parceldetail/4335025017|https://rycpt-crawls.s3.us-west-2.amazonaws.com/padmapper-data/2023-04-09/207_S_Doheny_Dr_#205,_Beverly_Hills,_CA_90211,_USA.png
34.0252125|-117.8417433|#f7a98b|409 Cloverdale Ln, Walnut, CA 91789, USA|3350.0|506210.0|151.11|1990|https://portal.assessor.lacounty.gov/parceldetail/8720044017|https://rycpt-crawls.s3.us-west-2.amazonaws.com/padmapper-data/2023-04-09/409_Cloverdale_Ln,_Walnut,_CA_91789,_USA.png
33.7960344|-118.108988|#f7ba9f|2204 Conquista Ave, Long Beach, CA 90815, USA|5595.0|486001.0|86.86|1993|https://portal.assessor.lacounty.gov/parceldetail/7226004025|https://rycpt-crawls.s3.us-west-2.amazonaws.com/padmapper-data/2023-04-09/2204_Conquista_Ave,_Long_Beach,_CA_90815,_USA.png
33.7855466|-118.1299834|#bd1f2d|5290 E El Roble St, Long Beach, CA 90815, USA|10000.0|370680.0|37.07|1975|https://portal.assessor.lacounty.gov/parceldetail/7240008019|https://rycpt-crawls.s3.us-west-2.amazonaws.com/padmapper-data/2023-04-09/5290_E_El_Roble_St,_Long_Beach,_CA_90815,_USA.png
34.0847282|-118.3882839|#f5a081|9018 Elevado Ave, West Hollywood, CA 90069, USA|6950.0|508049.0|73.1|1988|https://portal.assessor.lacounty.gov/parceldetail/4340017006|https://rycpt-crawls.s3.us-west-2.amazonaws.com/padmapper-data/2023-04-09/9018_Elevado_Ave,_West_Hollywood,_CA_90069,_USA.png
34.0636236|-117.963959|#8badfd|2241 W Corak St, West Covina, CA 91790, USA|2700.0|460899.0|170.7|2014|https://portal.assessor.lacounty.gov/parceldetail/8463024007|https://rycpt-crawls.s3.us-west-2.amazonaws.com/padmapper-data/2023-04-09/2241_W_Corak_St,_West_Covina,_CA_91790,_USA.png
34.6835497|-118.2148785|#4961d2|44049 47th St W, Lancaster, CA 93536, USA|3400.0|336122.0|98.86|2022|https://portal.assessor.lacounty.gov/parceldetail/3153076007|https://rycpt-crawls.s3.us-west-2.amazonaws.com/padmapper-data/2023-04-09/44049_47th_St_W,_Lancaster,_CA_93536,_USA.png
34.699863|-118.1870265|#8badfd|3129 Trousdale Dr, Lancaster, CA 93536, USA|2800.0|306683.0|109.53|2014|https://portal.assessor.lacounty.gov/parceldetail/3153013046|https://rycpt-crawls.s3.us-west-2.amazonaws.com/padmapper-data/2023-04-09/3129_Trousdale_Dr,_Lancaster,_CA_93536,_USA.png
34.038454|-118.711956|#f7b396|24600 Skyline View Dr, Malibu, CA 90265, USA|17750.0|1925640.0|108.49|1991|https://portal.assessor.lacounty.gov/parceldetail/4458034011|https://rycpt-crawls.s3.us-west-2.amazonaws.com/padmapper-data/2023-04-09/24600_Skyline_View_Dr,_Malibu,_CA_90265,_USA.png
33.891747|-118.3124751|#506bda|1930 W 154th St, Gardena, CA 90249, USA|4150.0|747660.0|180.16|2021|https://portal.assessor.lacounty.gov/parceldetail/4063008045|https://rycpt-crawls.s3.us-west-2.amazonaws.com/padmapper-data/2023-04-09/1930_W_154th_St,_Gardena,_CA_90249,_USA.png
34.163509|-118.033109|#d9dce1|1743 Vista Del Valle Dr, Arcadia, CA 91006, USA|5000.0|937598.0|187.52|2003|https://portal.assessor.lacounty.gov/parceldetail/5766011013|https://rycpt-crawls.s3.us-west-2.amazonaws.com/padmapper-data/2023-04-09/1743_Vista_Del_Valle_Dr,_Arcadia,_CA_91006,_USA.png
33.8968743|-118.0223369|#d3dbe7|14803 Biola Ave, La Mirada, CA 90638, USA|3800.0|542598.0|142.79|2004|https://portal.assessor.lacounty.gov/parceldetail/8061037013|https://rycpt-crawls.s3.us-west-2.amazonaws.com/padmapper-data/2023-04-09/14803_Biola_Ave,_La_Mirada,_CA_90638,_USA.png
34.0178902|-118.8103914|#e8765c|6557 Wandermere Rd, Malibu, CA 90265, USA|5000.0|1156496.0|231.3|1982|https://portal.assessor.lacounty.gov/parceldetail/4468012017|https://rycpt-crawls.s3.us-west-2.amazonaws.com/padmapper-data/2023-04-10/6557_Wandermere_Rd,_Malibu,_CA_90265,_USA.png
34.1347839|-118.1371455|#ec8165|639 S El Molino Ave, Pasadena, CA 91106, USA|5400.0|401833.0|74.41|1983|https://portal.assessor.lacounty.gov/parceldetail/5721010009|https://rycpt-crawls.s3.us-west-2.amazonaws.com/padmapper-data/2023-04-10/639_S_El_Molino_Ave,_Pasadena,_CA_91106,_USA.png
33.9165347|-117.9980913|#d9dce1|12668 Oxford Dr, La Mirada, CA 90638, USA|3300.0|375296.0|113.73|2003|https://portal.assessor.lacounty.gov/parceldetail/8038034035|https://rycpt-crawls.s3.us-west-2.amazonaws.com/padmapper-data/2023-04-10/12668_Oxford_Dr,_La_Mirada,_CA_90638,_USA.png
34.189141|-118.5734431|#e36b54|20200 Gilmore St, Canoga Park, CA 91306, USA|4900.0|323225.0|65.96|1981|https://portal.assessor.lacounty.gov/parceldetail/2134021010|https://rycpt-crawls.s3.us-west-2.amazonaws.com/padmapper-data/2023-04-10/20200_Gilmore_St,_Canoga_Park,_CA_91306,_USA.png
33.7585031|-118.2993893|#bd1f2d|1016 Bloomwood Rd, San Pedro, CA 90731, USA|4000.0|86812.0|21.7|1975|https://portal.assessor.lacounty.gov/parceldetail/7442025007|https://rycpt-crawls.s3.us-west-2.amazonaws.com/padmapper-data/2023-04-10/1016_Bloomwood_Rd,_San_Pedro,_CA_90731,_USA.png
34.0572317|-118.4775247|#7093f3|149 S Kenter Ave, Los Angeles, CA 90049, USA|9750.0|1995901.0|204.71|2017|https://portal.assessor.lacounty.gov/parceldetail/4404010010|https://rycpt-crawls.s3.us-west-2.amazonaws.com/padmapper-data/2023-04-10/149_S_Kenter_Ave,_Los_Angeles,_CA_90049,_USA.png
34.053029|-118.5211895|#b5cdfa|1310 Goucher St, Pacific Palisades, CA 90272, USA|9100.0|1395499.0|153.35|2009|https://portal.assessor.lacounty.gov/parceldetail/4422007003|https://rycpt-crawls.s3.us-west-2.amazonaws.com/padmapper-data/2023-04-10/1310_Goucher_St,_Pacific_Palisades,_CA_90272,_USA.png
34.0547308|-118.4818071|#688aef|211 S Medio Dr, Los Angeles, CA 90049, USA|9200.0|2775930.0|301.73|2018|https://portal.assessor.lacounty.gov/parceldetail/4405034012|https://rycpt-crawls.s3.us-west-2.amazonaws.com/padmapper-data/2023-04-10/211_S_Medio_Dr,_Los_Angeles,_CA_90049,_USA.png
33.9881317|-118.4662565|#bcd2f7|528 Grand Blvd, Venice, CA 90291, USA|8950.0|565992.0|63.24|2008|https://portal.assessor.lacounty.gov/parceldetail/4238019029|https://rycpt-crawls.s3.us-west-2.amazonaws.com/padmapper-data/2023-04-10/528_Grand_Blvd,_Venice,_CA_90291,_USA.png
33.959082|-118.439828|#7093f3|8255 Tuscany Ave, Playa Del Rey, CA 90293, USA|7000.0|1203007.0|171.86|2017|https://portal.assessor.lacounty.gov/parceldetail/4115017013|https://rycpt-crawls.s3.us-west-2.amazonaws.com/padmapper-data/2023-04-10/8255_Tuscany_Ave,_Playa_Del_Rey,_CA_90293,_USA.png
33.9751492|-118.3997429|#506bda|7416 Ogelsby Ave, Los Angeles, CA 90045, USA|6950.0|1351378.0|194.44|2021|https://portal.assessor.lacounty.gov/parceldetail/4110009016|https://rycpt-crawls.s3.us-west-2.amazonaws.com/padmapper-data/2023-04-10/7416_Ogelsby_Ave,_Los_Angeles,_CA_90045,_USA.png
33.9636502|-118.4130053|#4961d2|8217 Creighton Ave, Los Angeles, CA 90045, USA|6995.0|1375000.0|196.57|2022|https://portal.assessor.lacounty.gov/parceldetail/4112007017|https://rycpt-crawls.s3.us-west-2.amazonaws.com/padmapper-data/2023-04-10/8217_Creighton_Ave,_Los_Angeles,_CA_90045,_USA.png
33.9640447|-118.4115848|#688aef|8206 McConnell Ave, Los Angeles, CA 90045, USA|6300.0|1350971.0|214.44|2018|https://portal.assessor.lacounty.gov/parceldetail/4112011015|https://rycpt-crawls.s3.us-west-2.amazonaws.com/padmapper-data/2023-04-10/8206_McConnell_Ave,_Los_Angeles,_CA_90045,_USA.png
33.9614502|-118.4179806|#4961d2|8409 Gonzaga Ave, Los Angeles, CA 90045, USA|5995.0|1250000.0|208.51|2022|https://portal.assessor.lacounty.gov/parceldetail/4113012034|https://rycpt-crawls.s3.us-west-2.amazonaws.com/padmapper-data/2023-04-10/8409_Gonzaga_Ave,_Los_Angeles,_CA_90045,_USA.png
33.9690762|-118.3864029|#6180e9|7814 Airport Blvd, Los Angeles, CA 90045, USA|5500.0|1050126.0|190.93|2019|https://portal.assessor.lacounty.gov/parceldetail/4105011008|https://rycpt-crawls.s3.us-west-2.amazonaws.com/padmapper-data/2023-04-10/7814_Airport_Blvd,_Los_Angeles,_CA_90045,_USA.png
33.9887569|-118.4472297|#ebd3c6|3101 Carter Ave, Marina Del Rey, CA 90292, USA|5495.0|377995.0|68.79|2000|https://portal.assessor.lacounty.gov/parceldetail/4229005054|https://rycpt-crawls.s3.us-west-2.amazonaws.com/padmapper-data/2023-04-10/3101_Carter_Ave,_Marina_Del_Rey,_CA_90292,_USA.png
34.2832143|-118.5440892|#e6d7cf|18865 Brymer Ct, Northridge, CA 91326, USA|4295.0|411760.0|95.87|2001|https://portal.assessor.lacounty.gov/parceldetail/2871009003|https://rycpt-crawls.s3.us-west-2.amazonaws.com/padmapper-data/2023-04-10/18865_Brymer_Ct,_Northridge,_CA_91326,_USA.png
34.0452305|-118.3590479|#7093f3|1608 Carmona Ave, Los Angeles, CA 90019, USA|5295.0|1059738.0|200.14|2017|https://portal.assessor.lacounty.gov/parceldetail/5069027018|https://rycpt-crawls.s3.us-west-2.amazonaws.com/padmapper-data/2023-04-10/1608_Carmona_Ave,_Los_Angeles,_CA_90019,_USA.png
34.3104064|-118.5037095|#8badfd|13220 Ingres Ave, Granada Hills, CA 91344, USA|4650.0|508262.0|109.3|2014|https://portal.assessor.lacounty.gov/parceldetail/2602001020|https://rycpt-crawls.s3.us-west-2.amazonaws.com/padmapper-data/2023-04-10/13220_Ingres_Ave,_Granada_Hills,_CA_91344,_USA.png
33.8928353|-118.4066239|#d3dbe7|2128 N Ardmore Ave, Manhattan Beach, CA 90266, USA|4950.0|1158899.0|234.12|2004|https://portal.assessor.lacounty.gov/parceldetail/4171003007|https://rycpt-crawls.s3.us-west-2.amazonaws.com/padmapper-data/2023-04-10/2128_N_Ardmore_Ave,_Manhattan_Beach,_CA_90266,_USA.png
33.7988948|-118.3273995|#5875e1|2456 248th St, Lomita, CA 90717, USA|4200.0|630706.0|150.17|2020|https://portal.assessor.lacounty.gov/parceldetail/7376005022|https://rycpt-crawls.s3.us-west-2.amazonaws.com/padmapper-data/2023-04-10/2456_248th_St,_Lomita,_CA_90717,_USA.png
33.8003795|-118.3191862|#a5c3fe|24705 Woodward Ave, Lomita, CA 90717, USA|3300.0|350594.0|106.24|2011|https://portal.assessor.lacounty.gov/parceldetail/7376017012|https://rycpt-crawls.s3.us-west-2.amazonaws.com/padmapper-data/2023-04-10/24705_Woodward_Ave,_Lomita,_CA_90717,_USA.png
33.8570564|-118.1287229|#8badfd|5528 Lorelei Ave, Lakewood, CA 90712, USA|4500.0|606449.0|134.77|2014|https://portal.assessor.lacounty.gov/parceldetail/7171018006|https://rycpt-crawls.s3.us-west-2.amazonaws.com/padmapper-data/2023-04-10/5528_Lorelei_Ave,_Lakewood,_CA_90712,_USA.png
33.9093718|-118.3385013|#6180e9|3733 W 135th St, Hawthorne, CA 90250, USA|3200.0|509821.0|159.32|2019|https://portal.assessor.lacounty.gov/parceldetail/4050022018|https://rycpt-crawls.s3.us-west-2.amazonaws.com/padmapper-data/2023-04-10/3733_W_135th_St,_Hawthorne,_CA_90250,_USA.png
33.8726109|-118.3393689|#4961d2|3778 Artesia Blvd, Torrance, CA 90504, USA|4500.0|80801.0|17.96|2022|https://portal.assessor.lacounty.gov/parceldetail/4087029009|https://rycpt-crawls.s3.us-west-2.amazonaws.com/padmapper-data/2023-04-10/3778_Artesia_Blvd,_Torrance,_CA_90504,_USA.png
33.8294313|-118.3695927|#bd1f2d|21917 Palos Verdes Blvd, Torrance, CA 90503, USA|3700.0|125626.0|33.95|1975|https://portal.assessor.lacounty.gov/parceldetail/7516015017|https://rycpt-crawls.s3.us-west-2.amazonaws.com/padmapper-data/2023-04-10/21917_Palos_Verdes_Blvd,_Torrance,_CA_90503,_USA.png
33.8621555|-118.3314669|#a5c3fe|3407 186th St, Torrance, CA 90504, USA|3600.0|434611.0|120.73|2011|https://portal.assessor.lacounty.gov/parceldetail/4090009023|https://rycpt-crawls.s3.us-west-2.amazonaws.com/padmapper-data/2023-04-10/3407_186th_St,_Torrance,_CA_90504,_USA.png
34.0106361|-118.4724768|#4257c9|1311 Maple St, Santa Monica, CA 90405, USA|9000.0|512663.0|56.96|2023|https://portal.assessor.lacounty.gov/parceldetail/4284027011|https://rycpt-crawls.s3.us-west-2.amazonaws.com/padmapper-data/2023-04-10/1311_Maple_St,_Santa_Monica,_CA_90405,_USA.png
34.0113691|-118.472155|#4257c9|1334 Pine St, Santa Monica, CA 90405, USA|8500.0|107139.0|12.6|2023|https://portal.assessor.lacounty.gov/parceldetail/4284027019|https://rycpt-crawls.s3.us-west-2.amazonaws.com/padmapper-data/2023-04-10/1334_Pine_St,_Santa_Monica,_CA_90405,_USA.png
34.0358442|-118.4747059|#f18d6f|2711 Arizona Ave, Santa Monica, CA 90404, USA|5300.0|392359.0|74.03|1985|https://portal.assessor.lacounty.gov/parceldetail/4267006004|https://rycpt-crawls.s3.us-west-2.amazonaws.com/padmapper-data/2023-04-10/2711_Arizona_Ave,_Santa_Monica,_CA_90404,_USA.png
33.8307003|-118.3564462|#506bda|4010 W Carson St, Torrance, CA 90503, USA|4000.0|1076100.0|269.02|2021|https://portal.assessor.lacounty.gov/parceldetail/7366005016|https://rycpt-crawls.s3.us-west-2.amazonaws.com/padmapper-data/2023-04-11/4010_W_Carson_St,_Torrance,_CA_90503,_USA.png
33.8107527|-118.3827398|#4257c9|332 C. Mayor, Redondo Beach, CA 90277, USA|10500.0|2132607.0|203.11|2023|https://portal.assessor.lacounty.gov/parceldetail/7513002012|https://rycpt-crawls.s3.us-west-2.amazonaws.com/padmapper-data/2023-04-11/332_C._Mayor,_Redondo_Beach,_CA_90277,_USA.png
33.8142889|-118.3701862|#799cf8|5240 Doris Way, Torrance, CA 90505, USA|6200.0|992808.0|160.13|2016|https://portal.assessor.lacounty.gov/parceldetail/7530006004|https://rycpt-crawls.s3.us-west-2.amazonaws.com/padmapper-data/2023-04-11/5240_Doris_Way,_Torrance,_CA_90505,_USA.png
33.8213784|-118.3678561|#e0dbd8|22714 Draille Dr, Torrance, CA 90505, USA|5500.0|584663.0|106.3|2002|https://portal.assessor.lacounty.gov/parceldetail/7527020019|https://rycpt-crawls.s3.us-west-2.amazonaws.com/padmapper-data/2023-04-11/22714_Draille_Dr,_Torrance,_CA_90505,_USA.png
34.0745873|-118.4147905|#93b5fe|719 N Bedford Dr, Beverly Hills, CA 90210, USA|17900.0|4525566.0|252.82|2013|https://portal.assessor.lacounty.gov/parceldetail/4345014010|https://rycpt-crawls.s3.us-west-2.amazonaws.com/padmapper-data/2023-04-11/719_N_Bedford_Dr,_Beverly_Hills,_CA_90210,_USA.png
33.9487878|-118.3261742|#5875e1|9606 Crenshaw Blvd, Inglewood, CA 90305, USA|3300.0|546198.0|165.51|2020|https://portal.assessor.lacounty.gov/parceldetail/4027014002|https://rycpt-crawls.s3.us-west-2.amazonaws.com/padmapper-data/2023-04-11/9606_Crenshaw_Blvd,_Inglewood,_CA_90305,_USA.png
34.0939001|-118.0541255|#adc9fd|5028 Golden West Ave, Temple City, CA 91780, USA|3400.0|650741.0|191.39|2010|https://portal.assessor.lacounty.gov/parceldetail/8589022002|https://rycpt-crawls.s3.us-west-2.amazonaws.com/padmapper-data/2023-04-11/5028_Golden_West_Ave,_Temple_City,_CA_91780,_USA.png
33.8957849|-118.4134595|#8badfd|436 28th St, Manhattan Beach, CA 90266, USA|9350.0|2177466.0|232.88|2014|https://portal.assessor.lacounty.gov/parceldetail/4176011001|https://rycpt-crawls.s3.us-west-2.amazonaws.com/padmapper-data/2023-04-11/436_28th_St,_Manhattan_Beach,_CA_90266,_USA.png
33.8921878|-118.4147978|#506bda|2300 Manhattan Ave, Manhattan Beach, CA 90266, USA|9000.0|3621000.0|402.33|2021|https://portal.assessor.lacounty.gov/parceldetail/4177020025|https://rycpt-crawls.s3.us-west-2.amazonaws.com/padmapper-data/2023-04-11/2300_Manhattan_Ave,_Manhattan_Beach,_CA_90266,_USA.png
33.8977439|-118.38899|#82a6fb|23 Fairway Dr, Manhattan Beach, CA 90266, USA|8800.0|1528909.0|173.74|2015|https://portal.assessor.lacounty.gov/parceldetail/4138025096|https://rycpt-crawls.s3.us-west-2.amazonaws.com/padmapper-data/2023-04-11/23_Fairway_Dr,_Manhattan_Beach,_CA_90266,_USA.png
33.895851|-118.4131851|#a5c3fe|448 28th St, Manhattan Beach, CA 90266, USA|7350.0|1267637.0|172.47|2011|https://portal.assessor.lacounty.gov/parceldetail/4176010007|https://rycpt-crawls.s3.us-west-2.amazonaws.com/padmapper-data/2023-04-11/448_28th_St,_Manhattan_Beach,_CA_90266,_USA.png
33.898476|-118.4153325|#8badfd|3207 Vista Dr, Manhattan Beach, CA 90266, USA|7500.0|1762765.0|235.04|2014|https://portal.assessor.lacounty.gov/parceldetail/4175011026|https://rycpt-crawls.s3.us-west-2.amazonaws.com/padmapper-data/2023-04-11/3207_Vista_Dr,_Manhattan_Beach,_CA_90266,_USA.png
33.7999512|-118.3579056|#bd1f2d|4165 Vía Solano, Palos Verdes Estates, CA 90274, USA|8900.0|281509.0|31.63|1975|https://portal.assessor.lacounty.gov/parceldetail/7537016006|https://rycpt-crawls.s3.us-west-2.amazonaws.com/padmapper-data/2023-04-11/4165_Vía_Solano,_Palos_Verdes_Estates,_CA_90274,_USA.png
33.7838221|-118.3899106|#93b5fe|1532 Granvia Altamira, Palos Verdes Estates, CA 90274, USA|5800.0|1199828.0|206.87|2013|https://portal.assessor.lacounty.gov/parceldetail/7545022004|https://rycpt-crawls.s3.us-west-2.amazonaws.com/padmapper-data/2023-04-11/1532_Granvia_Altamira,_Palos_Verdes_Estates,_CA_90274,_USA.png
34.1262845|-118.1858872|#82a6fb|6115 Hillandale Dr, Los Angeles, CA 90042, USA|4950.0|726171.0|146.7|2015|https://portal.assessor.lacounty.gov/parceldetail/5483018021|https://rycpt-crawls.s3.us-west-2.amazonaws.com/padmapper-data/2023-04-11/6115_Hillandale_Dr,_Los_Angeles,_CA_90042,_USA.png
34.2343252|-118.4594746|#4257c9|15022 Sunburst St, North Hills, CA 91343, USA|3895.0|497515.0|127.73|2023|https://portal.assessor.lacounty.gov/parceldetail/2651019003|https://rycpt-crawls.s3.us-west-2.amazonaws.com/padmapper-data/2023-04-11/15022_Sunburst_St,_North_Hills,_CA_91343,_USA.png
34.1547909|-118.5216334|#93b5fe|4622 White Oak Pl, Encino, CA 91316, USA|7300.0|1003739.0|137.5|2013|https://portal.assessor.lacounty.gov/parceldetail/2182021013|https://rycpt-crawls.s3.us-west-2.amazonaws.com/padmapper-data/2023-04-11/4622_White_Oak_Pl,_Encino,_CA_91316,_USA.png
34.1092879|-118.3460521|#bd1f2d|2111 Outpost Dr, Los Angeles, CA 90068, USA|13500.0|152193.0|11.27|1975|https://portal.assessor.lacounty.gov/parceldetail/5572015003|https://rycpt-crawls.s3.us-west-2.amazonaws.com/padmapper-data/2023-04-11/2111_Outpost_Dr,_Los_Angeles,_CA_90068,_USA.png
34.205408|-118.5940859|#4961d2|7422 Milwood Ave, Canoga Park, CA 91303, USA|3500.0|637500.0|182.14|2022|https://portal.assessor.lacounty.gov/parceldetail/2112010016|https://rycpt-crawls.s3.us-west-2.amazonaws.com/padmapper-data/2023-04-11/7422_Milwood_Ave,_Canoga_Park,_CA_91303,_USA.png
34.2096178|-118.5086437|#506bda|17227 Keswick St, Van Nuys, CA 91406, USA|4950.0|809488.0|163.53|2021|https://portal.assessor.lacounty.gov/parceldetail/2203002031|https://rycpt-crawls.s3.us-west-2.amazonaws.com/padmapper-data/2023-04-11/17227_Keswick_St,_Van_Nuys,_CA_91406,_USA.png
34.0620237|-118.4728468|#f7b396|123 S Westgate Ave, Los Angeles, CA 90049, USA|31500.0|2366783.0|75.14|1991|https://portal.assessor.lacounty.gov/parceldetail/4404017016|https://rycpt-crawls.s3.us-west-2.amazonaws.com/padmapper-data/2023-04-11/123_S_Westgate_Ave,_Los_Angeles,_CA_90049,_USA.png
34.0518196|-118.3742491|#5875e1|6100 Alcott St, Los Angeles, CA 90035, USA|5500.0|1060451.0|192.81|2020|https://portal.assessor.lacounty.gov/parceldetail/5068003013|https://rycpt-crawls.s3.us-west-2.amazonaws.com/padmapper-data/2023-04-11/6100_Alcott_St,_Los_Angeles,_CA_90035,_USA.png
33.8602696|-118.382728|#4961d2|1711 Carlson Ln, Redondo Beach, CA 90278, USA|7000.0|862534.0|123.22|2022|https://portal.assessor.lacounty.gov/parceldetail/4160011061|https://rycpt-crawls.s3.us-west-2.amazonaws.com/padmapper-data/2023-04-11/1711_Carlson_Ln,_Redondo_Beach,_CA_90278,_USA.png
33.8503578|-118.0707851|#4257c9|12238 Viarna St, Cerritos, CA 90703, USA|3800.0|86342.0|22.72|2023|https://portal.assessor.lacounty.gov/parceldetail/7056013008|https://rycpt-crawls.s3.us-west-2.amazonaws.com/padmapper-data/2023-04-11/12238_Viarna_St,_Cerritos,_CA_90703,_USA.png
34.066387|-117.7899545|#8badfd|2160 Avalon Ave, Pomona, CA 91768, USA|2790.0|276072.0|98.95|2014|https://portal.assessor.lacounty.gov/parceldetail/8354019007|https://rycpt-crawls.s3.us-west-2.amazonaws.com/padmapper-data/2023-04-12/2160_Avalon_Ave,_Pomona,_CA_91768,_USA.png
34.6174904|-118.1849208|#6180e9|40434 Milan Dr, Palmdale, CA 93551, USA|900.0|407856.0|453.17|2019|https://portal.assessor.lacounty.gov/parceldetail/3001083013|https://rycpt-crawls.s3.us-west-2.amazonaws.com/padmapper-data/2023-04-12/40434_Milan_Dr,_Palmdale,_CA_93551,_USA.png
34.0969503|-118.2688128|#688aef|2094 Kenilworth Ave, Los Angeles, CA 90039, USA|7900.0|1766128.0|223.56|2018|https://portal.assessor.lacounty.gov/parceldetail/5431018009|https://rycpt-crawls.s3.us-west-2.amazonaws.com/padmapper-data/2023-04-12/2094_Kenilworth_Ave,_Los_Angeles,_CA_90039,_USA.png
33.9759921|-118.2944167|#4257c9|1118 W 70th St, Los Angeles, CA 90044, USA|3325.0|56769.0|17.07|2023|https://portal.assessor.lacounty.gov/parceldetail/6014030011|https://rycpt-crawls.s3.us-west-2.amazonaws.com/padmapper-data/2023-04-12/1118_W_70th_St,_Los_Angeles,_CA_90044,_USA.png
34.1080876|-118.1800999|#bd1f2d|6262 Pine Crest Dr, Los Angeles, CA 90042, USA|2700.0|43195.0|16.0|1975|https://portal.assessor.lacounty.gov/parceldetail/5312022036|https://rycpt-crawls.s3.us-west-2.amazonaws.com/padmapper-data/2023-04-12/6262_Pine_Crest_Dr,_Los_Angeles,_CA_90042,_USA.png
34.1910004|-118.4193078|#4961d2|6638 Atoll Ave, North Hollywood, CA 91606, USA|4500.0|752000.0|167.11|2022|https://portal.assessor.lacounty.gov/parceldetail/2326013008|https://rycpt-crawls.s3.us-west-2.amazonaws.com/padmapper-data/2023-04-12/6638_Atoll_Ave,_North_Hollywood,_CA_91606,_USA.png
33.9892815|-118.4747107|#4257c9|24 Clubhouse Ave, Venice, CA 90291, USA|28000.0|3233097.0|115.47|2023|https://portal.assessor.lacounty.gov/parceldetail/4226005009|https://rycpt-crawls.s3.us-west-2.amazonaws.com/padmapper-data/2023-04-12/24_Clubhouse_Ave,_Venice,_CA_90291,_USA.png
34.2854728|-118.4938645|#bd1f2d|11827 Gerald Ave, Granada Hills, CA 91344, USA|5000.0|134358.0|26.87|1975|https://portal.assessor.lacounty.gov/parceldetail/2610017006|https://rycpt-crawls.s3.us-west-2.amazonaws.com/padmapper-data/2023-04-12/11827_Gerald_Ave,_Granada_Hills,_CA_91344,_USA.png
34.1223956|-118.365758|#8badfd|7770 Firenze Ave, Los Angeles, CA 90046, USA|16995.0|1663417.0|97.88|2014|https://portal.assessor.lacounty.gov/parceldetail/5570024043|https://rycpt-crawls.s3.us-west-2.amazonaws.com/padmapper-data/2023-04-12/7770_Firenze_Ave,_Los_Angeles,_CA_90046,_USA.png
34.1134829|-118.4236512|#f39778|2328 San Ysidro Dr, Beverly Hills, CA 90210, USA|25000.0|981844.0|39.27|1987|https://portal.assessor.lacounty.gov/parceldetail/4384031034|https://rycpt-crawls.s3.us-west-2.amazonaws.com/padmapper-data/2023-04-12/2328_San_Ysidro_Dr,_Beverly_Hills,_CA_90210,_USA.png
34.0969207|-118.4212457|#d9dce1|1415 Braeridge Dr, Beverly Hills, CA 90210, USA|16000.0|1174773.0|73.42|2003|https://portal.assessor.lacounty.gov/parceldetail/4355005024|https://rycpt-crawls.s3.us-west-2.amazonaws.com/padmapper-data/2023-04-12/1415_Braeridge_Dr,_Beverly_Hills,_CA_90210,_USA.png
34.1471578|-118.5928601|#6180e9|4219 Alhama Dr, Woodland Hills, CA 91364, USA|8000.0|735823.0|91.98|2019|https://portal.assessor.lacounty.gov/parceldetail/2172023044|https://rycpt-crawls.s3.us-west-2.amazonaws.com/padmapper-data/2023-04-12/4219_Alhama_Dr,_Woodland_Hills,_CA_91364,_USA.png
34.0950696|-118.334449|#4961d2|1323 N June St, Los Angeles, CA 90028, USA|6000.0|68324.0|11.39|2022|https://portal.assessor.lacounty.gov/parceldetail/5547030014|https://rycpt-crawls.s3.us-west-2.amazonaws.com/padmapper-data/2023-04-12/1323_N_June_St,_Los_Angeles,_CA_90028,_USA.png
34.0811908|-118.1659345|#799cf8|5311 Allan St, Los Angeles, CA 90032, USA|2700.0|396004.0|146.67|2016|https://portal.assessor.lacounty.gov/parceldetail/5220007014|https://rycpt-crawls.s3.us-west-2.amazonaws.com/padmapper-data/2023-04-12/5311_Allan_St,_Los_Angeles,_CA_90032,_USA.png
34.1262845|-118.1858872|#82a6fb|6115 Hillandale Dr, Los Angeles, CA 90042, USA|4950.0|726171.0|146.7|2015|https://portal.assessor.lacounty.gov/parceldetail/5483018021|https://rycpt-crawls.s3.us-west-2.amazonaws.com/padmapper-data/2023-04-12/6115_Hillandale_Dr,_Los_Angeles,_CA_90042,_USA.png
34.1511307|-118.6145821|#bd1f2d|22388 Algunas Rd, Woodland Hills, CA 91364, USA|5290.0|146025.0|27.6|1975|https://portal.assessor.lacounty.gov/parceldetail/2076019033|https://rycpt-crawls.s3.us-west-2.amazonaws.com/padmapper-data/2023-04-12/22388_Algunas_Rd,_Woodland_Hills,_CA_91364,_USA.png
34.2425448|-118.5468074|#93b5fe|18954 Plummer St, Northridge, CA 91324, USA|3750.0|364935.0|97.32|2013|https://portal.assessor.lacounty.gov/parceldetail/2762028004|https://rycpt-crawls.s3.us-west-2.amazonaws.com/padmapper-data/2023-04-12/18954_Plummer_St,_Northridge,_CA_91324,_USA.png
34.1515133|-118.60303|#4961d2|4601 Don Pio Dr, Woodland Hills, CA 91364, USA|5699.0|1055000.0|185.12|2022|https://portal.assessor.lacounty.gov/parceldetail/2171023063|https://rycpt-crawls.s3.us-west-2.amazonaws.com/padmapper-data/2023-04-12/4601_Don_Pio_Dr,_Woodland_Hills,_CA_91364,_USA.png
34.1582944|-118.6046724|#e8765c|21902 San Miguel St, Woodland Hills, CA 91364, USA|4000.0|251374.0|62.84|1982|https://portal.assessor.lacounty.gov/parceldetail/2171015064|https://rycpt-crawls.s3.us-west-2.amazonaws.com/padmapper-data/2023-04-12/21902_San_Miguel_St,_Woodland_Hills,_CA_91364,_USA.png
34.1582944|-118.6046724|#e8765c|21902 San Miguel St, Woodland Hills, CA 91364, USA|5400.0|251374.0|46.55|1982|https://portal.assessor.lacounty.gov/parceldetail/2171015064|https://rycpt-crawls.s3.us-west-2.amazonaws.com/padmapper-data/2023-04-12/21902_San_Miguel_St,_Woodland_Hills,_CA_91364,_USA.png
33.889297|-118.2839077|#bd1f2d|523 W 157th St, Gardena, CA 90248, USA|4500.0|69666.0|15.48|1975|https://portal.assessor.lacounty.gov/parceldetail/6120026029|https://rycpt-crawls.s3.us-west-2.amazonaws.com/padmapper-data/2023-04-12/523_W_157th_St,_Gardena,_CA_90248,_USA.png
34.1626618|-118.6125988|#ccd9ed|5167 Llano Dr, Woodland Hills, CA 91364, USA|5995.0|1030194.0|171.84|2006|https://portal.assessor.lacounty.gov/parceldetail/2075034003|https://rycpt-crawls.s3.us-west-2.amazonaws.com/padmapper-data/2023-04-12/5167_Llano_Dr,_Woodland_Hills,_CA_91364,_USA.png
33.9293673|-118.2591269|#82a6fb|851 E 116th St, Los Angeles, CA 90059, USA|2500.0|294451.0|117.78|2015|https://portal.assessor.lacounty.gov/parceldetail/6072009016|https://rycpt-crawls.s3.us-west-2.amazonaws.com/padmapper-data/2023-04-12/851_E_116th_St,_Los_Angeles,_CA_90059,_USA.png
34.0053997|-118.4785913|#9bbcff|2606 Highland Ave, Santa Monica, CA 90405, USA|17500.0|2012129.0|114.98|2012|https://portal.assessor.lacounty.gov/parceldetail/4287014002|https://rycpt-crawls.s3.us-west-2.amazonaws.com/padmapper-data/2023-04-12/2606_Highland_Ave,_Santa_Monica,_CA_90405,_USA.png
34.0308433|-117.8335011|#688aef|625 N Pacer Ct, Walnut, CA 91789, USA|4200.0|1316662.0|313.49|2018|https://portal.assessor.lacounty.gov/parceldetail/8709056030|https://rycpt-crawls.s3.us-west-2.amazonaws.com/padmapper-data/2023-04-12/625_N_Pacer_Ct,_Walnut,_CA_91789,_USA.png
33.9587803|-118.0328334|#4257c9|13573 Carnell St, Whittier, CA 90605, USA|3300.0|117125.0|35.49|2023|https://portal.assessor.lacounty.gov/parceldetail/8164007013|https://rycpt-crawls.s3.us-west-2.amazonaws.com/padmapper-data/2023-04-12/13573_Carnell_St,_Whittier,_CA_90605,_USA.png
34.0308433|-117.8335011|#688aef|625 N Pacer Ct, Walnut, CA 91789, USA|4200.0|1316662.0|313.49|2018|https://portal.assessor.lacounty.gov/parceldetail/8709056030|https://rycpt-crawls.s3.us-west-2.amazonaws.com/padmapper-data/2023-04-13/625_N_Pacer_Ct,_Walnut,_CA_91789,_USA.png
34.3964988|-118.456262|#4961d2|26338 Oakdale Canyon Ln, Canyon Country, CA 91387, USA|6450.0|880000.0|136.43|2022|https://portal.assessor.lacounty.gov/parceldetail/2841042047|https://rycpt-crawls.s3.us-west-2.amazonaws.com/padmapper-data/2023-04-13/26338_Oakdale_Canyon_Ln,_Canyon_Country,_CA_91387,_USA.png
33.8651658|-118.4022797|#f7b396|27 16th St, Hermosa Beach, CA 90254, USA|19500.0|1444727.0|74.09|1991|https://portal.assessor.lacounty.gov/parceldetail/4183006018|https://rycpt-crawls.s3.us-west-2.amazonaws.com/padmapper-data/2023-04-13/27_16th_St,_Hermosa_Beach,_CA_90254,_USA.png
33.8753645|-118.4073877|#93b5fe|3205 The Strand, Hermosa Beach, CA 90254, USA|17000.0|6730331.0|395.9|2013|https://portal.assessor.lacounty.gov/parceldetail/4181035010|https://rycpt-crawls.s3.us-west-2.amazonaws.com/padmapper-data/2023-04-13/3205_The_Strand,_Hermosa_Beach,_CA_90254,_USA.png
33.8676193|-118.4011628|#93b5fe|1901 Manhattan Ave, Hermosa Beach, CA 90254, USA|60000.0|9335089.0|155.58|2013|https://portal.assessor.lacounty.gov/parceldetail/4182008001|https://rycpt-crawls.s3.us-west-2.amazonaws.com/padmapper-data/2023-04-13/1901_Manhattan_Ave,_Hermosa_Beach,_CA_90254,_USA.png
34.0885877|-118.1440211|#ebd3c6|1814 Pepper St APT 2, Alhambra, CA 91801, USA|2800.0|203612.0|72.72|2000|https://portal.assessor.lacounty.gov/parceldetail/5342027056|https://rycpt-crawls.s3.us-west-2.amazonaws.com/padmapper-data/2023-04-13/1814_Pepper_St_APT_2,_Alhambra,_CA_91801,_USA.png
34.0938869|-117.7624308|#bd1f2d|1855 Miramonte Dr, La Verne, CA 91750, USA|2500.0|41289.0|16.52|1975|https://portal.assessor.lacounty.gov/parceldetail/8371003019|https://rycpt-crawls.s3.us-west-2.amazonaws.com/padmapper-data/2023-04-13/1855_Miramonte_Dr,_La_Verne,_CA_91750,_USA.png
34.0425986|-118.5742128|#4961d2|18315 Coastline Dr, Malibu, CA 90265, USA|14750.0|2027293.0|137.44|2022|https://portal.assessor.lacounty.gov/parceldetail/4443007003|https://rycpt-crawls.s3.us-west-2.amazonaws.com/padmapper-data/2023-04-14/18315_Coastline_Dr,_Malibu,_CA_90265,_USA.png
34.0402009|-118.6443222|#bd1f2d|21565 Rambla Vista, Malibu, CA 90265, USA|10000.0|404986.0|40.5|1975|https://portal.assessor.lacounty.gov/parceldetail/4451014068|https://rycpt-crawls.s3.us-west-2.amazonaws.com/padmapper-data/2023-04-14/21565_Rambla_Vista,_Malibu,_CA_90265,_USA.png
34.1659634|-118.3262406|#f3c8b2|131 N Lamer St c, Burbank, CA 91506, USA|3650.0|328720.0|90.06|1996|https://portal.assessor.lacounty.gov/parceldetail/2444016010|https://rycpt-crawls.s3.us-west-2.amazonaws.com/padmapper-data/2023-04-15/131_N_Lamer_St_c,_Burbank,_CA_91506,_USA.png
34.067432|-117.7930601|#7093f3|2229 Carlton Ave, Pomona, CA 91768, USA|2895.0|360899.0|124.66|2017|https://portal.assessor.lacounty.gov/parceldetail/8354012025|https://rycpt-crawls.s3.us-west-2.amazonaws.com/padmapper-data/2023-04-15/2229_Carlton_Ave,_Pomona,_CA_91768,_USA.png
34.4228627|-118.5282923|#a5c3fe|26607 Millhouse Dr, Santa Clarita, CA 91350, USA|5500.0|687971.0|125.09|2011|https://portal.assessor.lacounty.gov/parceldetail/2849029008|https://rycpt-crawls.s3.us-west-2.amazonaws.com/padmapper-data/2023-04-15/26607_Millhouse_Dr,_Santa_Clarita,_CA_91350,_USA.png
34.0240529|-118.7812726|#f18d6f|27910 E Pacific Coast Hwy, Malibu, CA 90265, USA|45000.0|4556574.0|101.26|1985|https://portal.assessor.lacounty.gov/parceldetail/4460032018|https://rycpt-crawls.s3.us-west-2.amazonaws.com/padmapper-data/2023-04-15/27910_E_Pacific_Coast_Hwy,_Malibu,_CA_90265,_USA.png
34.0396272|-118.639621|#93b5fe|3854 Rambla Orienta, Malibu, CA 90265, USA|16000.0|2784960.0|174.06|2013|https://portal.assessor.lacounty.gov/parceldetail/4451022039|https://rycpt-crawls.s3.us-west-2.amazonaws.com/padmapper-data/2023-04-15/3854_Rambla_Orienta,_Malibu,_CA_90265,_USA.png
34.1468316|-118.8101012|#dd5f4b|4500 Henley Ct, Westlake Village, CA 91361, USA|5200.0|226074.0|43.48|1979|https://portal.assessor.lacounty.gov/parceldetail/2060003016|https://rycpt-crawls.s3.us-west-2.amazonaws.com/padmapper-data/2023-04-15/4500_Henley_Ct,_Westlake_Village,_CA_91361,_USA.png
34.0300441|-117.7885286|#bcd2f7|765 Featherwood Dr, Diamond Bar, CA 91765, USA|5000.0|821438.0|164.29|2008|https://portal.assessor.lacounty.gov/parceldetail/8704001045|https://rycpt-crawls.s3.us-west-2.amazonaws.com/padmapper-data/2023-04-16/765_Featherwood_Dr,_Diamond_Bar,_CA_91765,_USA.png
34.1639048|-118.3210131|#bd1f2d|320 S Reese Pl, Burbank, CA 91506, USA|5995.0|166980.0|27.85|1975|https://portal.assessor.lacounty.gov/parceldetail/2445018042|https://rycpt-crawls.s3.us-west-2.amazonaws.com/padmapper-data/2023-04-16/320_S_Reese_Pl,_Burbank,_CA_91506,_USA.png
34.1713167|-118.3241026|#7093f3|1608 W Clark Ave, Burbank, CA 91506, USA|5500.0|723988.0|131.63|2017|https://portal.assessor.lacounty.gov/parceldetail/2446017005|https://rycpt-crawls.s3.us-west-2.amazonaws.com/padmapper-data/2023-04-16/1608_W_Clark_Ave,_Burbank,_CA_91506,_USA.png
34.185796|-118.3290651|#4257c9|1236 N Reese Pl, Burbank, CA 91506, USA|5500.0|131083.0|23.83|2023|https://portal.assessor.lacounty.gov/parceldetail/2462013008|https://rycpt-crawls.s3.us-west-2.amazonaws.com/padmapper-data/2023-04-16/1236_N_Reese_Pl,_Burbank,_CA_91506,_USA.png
34.1956543|-118.3300145|#4961d2|1909 Jackson St, Burbank, CA 91504, USA|3900.0|907800.0|232.77|2022|https://portal.assessor.lacounty.gov/parceldetail/2468024030|https://rycpt-crawls.s3.us-west-2.amazonaws.com/padmapper-data/2023-04-16/1909_Jackson_St,_Burbank,_CA_91504,_USA.png
33.9692652|-118.1299638|#6180e9|7321 Allengrove St, Downey, CA 90240, USA|4000.0|583402.0|145.85|2019|https://portal.assessor.lacounty.gov/parceldetail/6366015014|https://rycpt-crawls.s3.us-west-2.amazonaws.com/padmapper-data/2023-04-16/7321_Allengrove_St,_Downey,_CA_90240,_USA.png
33.814363|-118.1276611|#688aef|5346 E Scrivener St, Long Beach, CA 90808, USA|4495.0|803077.0|178.66|2018|https://portal.assessor.lacounty.gov/parceldetail/7189020009|https://rycpt-crawls.s3.us-west-2.amazonaws.com/padmapper-data/2023-04-16/5346_E_Scrivener_St,_Long_Beach,_CA_90808,_USA.png
33.9861773|-118.2011473|#dd5f4b|3541 E 60th Pl, Huntington Park, CA 90255, USA|2650.0|88067.0|33.23|1979|https://portal.assessor.lacounty.gov/parceldetail/6318014027|https://rycpt-crawls.s3.us-west-2.amazonaws.com/padmapper-data/2023-04-16/3541_E_60th_Pl,_Huntington_Park,_CA_90255,_USA.png
33.8924223|-118.4002229|#688aef|1900 N Poinsettia Ave, Manhattan Beach, CA 90266, USA|6500.0|266512.0|41.0|2018|https://portal.assessor.lacounty.gov/parceldetail/4171009020|https://rycpt-crawls.s3.us-west-2.amazonaws.com/padmapper-data/2023-04-16/1900_N_Poinsettia_Ave,_Manhattan_Beach,_CA_90266,_USA.png
33.8728378|-118.1193534|#6180e9|17604 Garden House Ln, Bellflower, CA 90706, USA|1900.0|606355.0|319.13|2019|https://portal.assessor.lacounty.gov/parceldetail/7161024006|https://rycpt-crawls.s3.us-west-2.amazonaws.com/padmapper-data/2023-04-16/17604_Garden_House_Ln,_Bellflower,_CA_90706,_USA.png

